{
  "EU28": "European Union (28 countries)",
  "EU27_2020": "European Union (27 countries)",
  "EA": "Euro area (19 countries)",
  "BE": "Belgium",
  "BG": "Bulgaria",
  "CZ": "Czechia",
  "DK": "Denmark",
  "DE": "Germany",
  "EE": "Estonia",
  "IE": "Ireland",
  "EL": "Greece",
  "ES": "Spain",
  "FR": "France",
  "HR": "Croatia",
  "IT": "Italy",
  "CY": "Cyprus",
  "LV": "Latvia",
  "LT": "Lithuania",
  "LU": "Luxembourg",
  "HU": "Hungary",
  "MT": "Malta",
  "NL": "Netherlands",
  "AT": "Austria",
  "PL": "Poland",
  "PT": "Portugal",
  "RO": "Romania",
  "SI": "Slovenia",
  "SK": "Slovakia",
  "FI": "Finland",
  "SE": "Sweden",
  "UK": "United Kingdom",
  "IS": "Iceland",
  "LI": "Liechtenstein",
  "NO": "Norway",
  "ME": "Montenegro",
  "MK": "North Macedonia",
  "RS": "Serbia",
  "TR": "Türkiye",
  "BA": "Bosnia and Herzegovina",
  "XK": "Kosovo (UN SCR 1244/99)",
  "MD": "Moldova",
  "UA": "Ukraine",
  "GE": "Georgia",
  "AL": "Albania",

  "FLAG_NA": "Not available",
  "FLAG_C": "Confidential",
  "FLAG_P": "provisional",
  "FLAG_E": "estimated",
  "FLAG_N": "not significant",
  "FLAG_B": "break in time series",
  "FLAG_S": "Eurostat estimate",
  "FLAG_F": "forecast",
  "FLAG_U": "low reliability",
  "FLAG_D": "definition differs, see metadata",
  "FLAG_I": "see metadata",
  "FLAG_R": "revised",
  "FLAG_Z": "not applicable",

  "pie": "Show pie chart",
  "barchart": "Show bar chart",
  "linechart": "Show line chart",
  "db": "Dataset",
  "meta": "Metadata",
  "details": "Show details",
  "info": "Show info",
  "totals": "Show details",
  "close": "Close",
  "play": "Play animation",
  "share": "Embed",

  
  "chartMenu": "Show download options",
  "vizualizationMenu": "Select chart options",
  "visualization-table": "Toggle table",
  "toggle-thumb": "Toggle table",
  "find-more-menu-icon": "Open tutorial",

  "twitter": "X",
  "linkedin": "Linkedin",
  "facebook": "Facebook",
  "SHARE": "Share",

  "sharemodaltitle": "Embed chart",
  "msg": "Text copied to clipboard",

  "4100": "Natural gas",
  "6000": "Electricity",

  "PRICE_4100": "Gas price",
  "PRICE_6000": "Electricity price",

  "HOUSEHOLD": "Household consumers",
  "N_HOUSEHOLD": "Non-household consumers",

  "4141900": "All bands : Consumption of GJ",
  "4141901": "Band D1 : Consumption < 20 GJ",
  "4141902": "Band D2 : 20 GJ < Consumption < 200 GJ",
  "4141903": "Band D3 : Consumption > 200 GJ",

  "GJ_LT20": "Band D1 : Consumption < 20 GJ",
  "GJ20-199": "Band D2 : 20 GJ < Consumption < 200 GJ",
  "GJ_GE200": "Band D3 : Consumption > 200 GJ",

  "4142900": "Bands I1-I5 : Consumption +< 3 999 999 GJ",
  "4142901": "Band I1 : Consumption < 1 000 GJ",
  "4142902": "Band I2 : 1 000 GJ < Consumption < 10 000 GJ",
  "4142903": "Band I3 : 10 000 GJ < Consumption < 100 000 GJ",
  "4142904": "Band I4 : 100 000 GJ < Consumption < 1 000 000 GJ",
  "4142905": "Band I5 : 1 000 000 GJ < Consumption < 4 000 000 GJ",
  "4142906": "Band I6 : Consumption > 4 000 000 GJ",

  "4161900": "All bands : Consumption of kWh",
  "4161901": "Band DA : Consumption < 1 000 kWh",
  "4161902": "Band DB : 1 000 kWh < Consumption < 2 500 kWh",
  "4161903": "Band DC : 2 500 kWh < Consumption < 5 000 kWh",
  "4161904": "Band DD : 5 000 kWh < Consumption < 15 000 kWh",
  "4161905": "Band DE : Consumption > 15 000 kWh",

  "4162900": "Bands IA-IF : Consumption =< 149 999 MWh",
  "4162901": "Band IA : Consumption < 20 MWh",
  "4162902": "Band IB : 20 MWh < Consumption < 500 MWh",
  "4162903": "Band IC : 500 MWh < Consumption < 2 000 MWh",
  "4162904": "Band ID : 2 000 MWh < Consumption < 20 000 MWh",
  "4162905": "Band IE : 20 000 MWh < Consumption < 70 000 MWh",
  "4162906": "Band IF : 70 000 MWh < Consumption < 150 000 MWh",
  "4162907": "Band IG : Consumption > 150 000 MWh",

  "KWH1000-2499": "Band DB : 1 000 kWh < Consumption < 2 500 kWh",
  "KWH2500-4999": "Band DC : 2 500 kWh < Consumption < 5 000 kWh",
  "KWH5000-14999": "Band DD : 5 000 kWh < Consumption < 15 000 kWh",
  "KWH_LE15000": "Band DE : Consumption > 15 000 kWh",
  "KWH_LT1000": "Band DA : Consumption < 1 000 kWh",
  "TOT_KWH": "All bands : Consumption of kWh",
  "TOT_GJ": "All bands : Consumption of GJ",

  "TOT_MWH": "Bands IA-IF : Consumption =< 149 999 MWh",
  "MWH_LT20": "Band IA : Consumption < 20 MWh",
  "MWH20-499": "Band IB : 20 MWh < Consumption < 500 MWh",
  "MWH500-1999": "Band IC : 500 MWh < Consumption < 2 000 MWh",
  "MWH2000-19999": "Band ID : 2 000 MWh < Consumption < 20 000 MWh",
  "MWH20000-69999": "Band IE : 20 000 MWh < Consumption < 70 000 MWh",
  "MWH70000-149999": "Band IF : 70 000 MWh < Consumption < 150 000 MWh",
  "MWH_GE150000": "Band IG : Consumption > 150 000 MWh",


  "GJ_LT1000": "Band I1: Consumption < 1000 GJ",
  "GJ1000-9999": "Band I2: 1,000 GJ < Consumption <10,000 GJ",
  "GJ10000-99999": "Band I3: 10,000 GJ < Consumption <100,000 GJ",
  "GJ100000-999999": "Band I4: 100,000 GJ < Consumption <1,000,000 GJ",
  "GJ1000000-3999999": "Band I5: 1,000,000 GJ < Consumption <4,000,000 GJ",
  "GJ_GE4000000": "Band I6: Consumption > 4,000,000 GJ",


  "GJ_GCV": "Gigajoules (gross calorific value = GCV)",
  "S_GJ_GCV": "GJ GCV",
  "KWH": "Kilowatt-hour",
  "S_KWH": "kWh",
  "MWH": "Megawatt-hour",
  "S_MWH": "MWh",

  "EUR": "Euro",
  "S_EUR": "\u20ac",
  "PPS": "Purchasing Power Standard",
  "S_PPS": "PPS",
  "NAT": "National currency",
  "S_NAT": "NAT",

  "EXPORT_FOOTER_TITLE": "Source: Eurostat",

  "X_TAX": "Price excluding taxes and levies",
  "X_VAT": "VAT and other recoverable taxes and levies",
  "I_TAX": "Rest of taxes and levies",
  "NRG_SUP": "Energy and supply",
  "NETC": "Network costs",
  "TAX_FEE_LEV_CHRG": "Taxes fees levies and charges",
  "TAX_LEV_X_VAT": "Taxes and levies excluding VAT",
  "VAT": "Value added tax - VAT",
  "TAX_RNW": "Renewable taxes",
  "TAX_CAP": "Capacity taxes",
  "TAX_ENV": "Environmental taxes",
  "TAX_NUC": "Nuclear taxes",
  "OTH": "Other",
  "TOTAL": "Total",

  "MENU_COUNTRY": "Select countries",
  "MENU_FUEL": "Select fuel",
  "MENU_CONSUMER": "Select consumer",
  "MENU_BAND": "Select consumption level",
  "MENU_UNIT": "Select unit",
  "MENU_COUNTRY_SORTING": "Select countries order",
  "MENU_SAVE_DIAGRAM": "Save this diagram",
  "MENU_MORE": "Find out more",
  "MENU_YEARS": "Select year",

  "BOX_COUNTRY_TITLE": "Select countries",
  "BOX_UNIT_TITLE": "Select unit",
  "BOX_COUNTRY_SORTING": "Select countries order",
  "BOX_PRODUCT_TITLE": "Select fuel",
  "BOX_CONSUMER_TITLE": "Select consumer",
  "BOX_BAND_TITLE": "Select consumption level",
  "BOX_MORE_TITLE": "Tutorial",
  "BOX_SELECTION_ALL_COUNTRY": "all countries",
  "BOX_NORM_DATA": "Change to percentages",
  "BOX_DENORM_DATA": "Change to absolute values",
  "BOX_NAT_CURRENCY": "Change to national currency",
  "BOX_DEF_CURRENCY": "Change to previous currency",

  "TUTORIAL": "Tutorial",
  "MENU": "Select data",
  "TABLE": "View options",  

  "ENPRICES_EXPLAINED": "Energy prices explained",

  "DEFINITIONS": "Definitions",

  "METADATA": "Metadata",

  "ENPRICES_DATASET": "Energy prices dataset",

  "CONTACT": "Contact us",

  "SHOW_BAR_DETAIL": "Show details",
  "HIDE_BAR_DETAIL": "Hide details",

  "TIME_GRAPHS": "Time graphs",
  "PIE_CHARTS": "Pie charts",
  "BAR_CHARTS": "Compare consumption levels",
  "BAR_CHART_TITLE_CONSOMS": "Consumption levels",
  "componentsShow": "Show components",
  "componentsHide": "Hide components",

  "SAVE_PIE_CHART": "Save pie chart",
  "SAVE_PNG_IMAGE": "Save image as PNG",
  "SAVE_DATA_TABLE": "Save data as table",
  "SAVE_DATA": "Save data",
  "SAVE_TIME_GRAPH": "Save time graph",
  "SAVE_BAR_CHART": "Save histogram",

  "OPTIONS_DATA": "Options",

  "CSV_EXPORT_COUNTRY": "Country",
  "CSV_EXPORT_UNIT": "Unit",
  "CSV_EXPORT_PRICE": "Price",
  "CSV_EXPORT_YEAR": "Time",
  "CSV_EXPORT_CONSOM": "Consumption level",
  "CSV_EXPORT_PRICE_SHARE": "Price share",

  "YEAR": "Year",
  "VALUE": "Value",

  "MSG_BROWSER": "Browser does not support HTML5.",
  "MSG_LOADING": "Loading",

  "MSG_01": "Sorry!",
  "MSG_02": "Your browser is not supported yet. Some tool functions may be unavailable, or not working correctly",
  "MSG_03": "Currently the supported browsers, on which the tool has been thoroughly tested, are",
  "MSG_04": "recommended",

  "MSG_MOBILE_DEV_1": "In case of visualisation issues, try changing the device orientation to optimise the display.",
  "MSG_MOBILE_DEV_2": "Be aware that on mobile devices some tool functions may be unavailable.",

  "S1": "1st Semester",
  "S2": "2nd Semester",

  "nrg_pc_202": "Gas prices for household consumers - bi-annual data (from 2007 onwards)",
  "nrg_pc_203": "Gas prices for non-household consumers - bi-annual data (from 2007 onwards)",
  "nrg_pc_204": "Electricity prices for household consumers - bi-annual data (from 2007 onwards)",
  "nrg_pc_205": "Electricity prices for non-household consumers - bi-annual data (from 2007 onwards)",
  "nrg_pc_202_c": "Gas prices components for household consumers - annual data (from 2007 onwards)",
  "nrg_pc_203_c": "Gas prices components for non-household consumers - annual data (from 2007 onwards)",
  "nrg_pc_204_c": "Electricity components for prices for household consumers - annual data (from 2007 onwards)",
  "nrg_pc_205_c": "Electricity components for prices for non-household consumers - annual data (from 2007 onwards)",

  "SORT_PROTOCOL": "Protocol order",
  "SORT_ALPHABETICAL": "Alphabetical order",
  "SORT_ASC": "Ascending values",
  "SORT_DESC": "Descending values",

  "PROTO": "Protocol order",
  "ALPHA": "Alphabetical order",
  "ASC": "Ascending values",
  "DESC": "Descending values",

  "VIEWDATA": "View table",

  "WARNING": "WARNING",

  "PIE_CHART_DISCLAIMER": "Pie chart not displayed due to negative values",

  "legTooltip": "Show/hide series",

  "inftitle": "Energy data",

  "TABTITLE1": "Energy data",
  "TAB1": "Energy statistics are in the spotlight due to their strategic importance to the drive towards competitive and sustainable economic growth. In recent years, the European Union has faced a number of important energy issues related to e.g. climate change, energy security and affordability. These have pushed the topic of energy towards the top of national and European political agendas, with energy statistics providing key information for policy makers. In order to meet policy makers' growing needs for data on energy, Eurostat has developed a coherent and harmonised system of energy statistics. Annual, half-yearly and monthly data collections cover the Member States of the EU, European Economic Area countries, candidate countries, potential candidates and Energy Community Contracting Partners.",

  "TABTITLE2": "Annual energy data",
  "TAB2": "These are annual data on crude oil, oil products, natural gas, electricity, derived heat, solid fossil fuels, renewables and wastes covering the full spectrum of the energy balance positions from supply through transformation to final energy consumption by sector and fuel type.  Eurostat has developed an <a href=\"//ec.europa.eu/eurostat/cache/sankey/energy/sankey.html\" target=\"_blank\"><u>interactive tool</u></a>  to visualise annual energy data by means of flow diagrams (also called Sankey diagrams). The tool allows you to build and customise your own diagram by playing with different options (country, year, fuel, level of detail, etc.).",

  "TABTITLE3": "Monthly energy data",
  "TAB3": "Eurostat collects and publishes monthly energy data on supply and to a limited extent consumption of various fuels; this data currently covers the coals / solid fossil fuels, natural gas, oil and petroleum products and electricity. Eurostat has developed an interactive tool to visualise monthly energy data.",

  "TABTITLE4": "Energy prices",
  "TAB4": "These are half-yearly and yearly data on electricity and natural gas prices provided for both final non-households as well as for households customers and for different consumption bands. Half-yearly prices are provided without taxes, with VAT and with all taxes included. Yearly data consist of more disaggregated prices on the energy cost, the network cost and the taxes. In addition, it also includes national average prices for each of these disaggregated sub-components. Eurostat has developed an <a href=\"//ec.europa.eu/eurostat/cache/infographs/energy_prices/enprices.html\" target=\"_blank\"><u>interactive tool</u></a> to visualise energy prices data.",

  "TABTITLE5": "Energy indicators",
  "TAB5": "Eurostat produces some selected energy indicators covering the major European policy areas (for example: the share of energy from renewable sources). Eurostat has developed an interactive tool to visualise energy indicators.",

  "catg": "category",

  "tooltipCredits": "Maximum value found in this series",

  "NoValues": "No information to display",

  "mobileWarning": "This tool is not designed for small screens. Thank you for your understanding",

  "LINKS": "Links",
  "COOKIES": "Cookies",
	"PRIVACY": "Privacy policy",
	"LEGAL": "Legal notice",
	"ACCESS": "Accessibility",

  "tutBACK": "Back",
  "tutNEXT": "Next",
  "tutFINISH": "Close",

  "downloadPNG": "Download as PNG image",
  "downloadJPEG": "Download as JPEG image",
  "downloadPDF": "Download as PDF document",
  "downloadSVG": "Download as vector Document",
  "downloadCSV": "Download CSV",
  "downloadXLS": "Download Excel file",

  "DOWNLOAD": "Download",


  "MENU_VIZUALIZATION_OPTIONS": "Visualization options",
  "MENU_VIZUALIZATION_TABLE": "Display table",

	"lvl1_X_TAX": "Prices excluding all taxes, fees, levies and charges  This price level includes only the energy and supply component and the network component.",
	"lvl1_X_VAT": "VAT and other recoverable taxes and levies  It includes all recoverable taxes, fees, levies and charges, including VAT (Value Added Tax).",
	"lvl1_I_TAX": "Rest of taxes and levies  It includes taxes, fees, levies and charges considered as non-recoverable for final non-household customers. For household customers this price level shall include the energy and network components and taxes, fees, levies and charges but excludes VAT.",
	"lvl1_NRG_SUP": "Energy and supply  This component shall include the following end-user costs: generation, aggregation, balancing energy, supplied energy costs, customer services, after-sales management and other supply costs. ",
	"lvl1_NETC": "Network costs The network price shall include the following end-user costs: transmission and distribution tariffs, transmission and distribution losses, network costs, after-sale service costs, system service costs, and meter rental and metering costs.",
	"lvl1_TAX_FEE_LEV_CHRG": "Taxes, fees, levies and charge  This component is the sum of all the sub-components (taxes, fees, levies and charges)",
	"lvl1_TAX_LEV_X_VAT": "Taxes and levies excluding VAT  This price level shall include the energy and supply component, the network component and taxes, fees, levies and charges considered as non-recoverable for final non-household customers. For household customers this price level shall include the energy and the network components and taxes, fees, levies and charges but excludes VAT...",
	"lvl1_VAT": "Value added tax - VAT  Value added tax as defined in Directive 2006/112/EC.",
	"lvl1_TAX_RNW": "Renewable taxes  Taxes, fees, levies or charges relating to the promotion of renewable energy sources, energy efficiency and CHP generation.",
	"lvl1_TAX_CAP": "Capacity taxes  Taxes, fees, levies or charges relating to strategic stockpiles, capacity payments and energy security; taxes on natural gas distribution; stranded costs and levies on financing energy regulatory authorities or market and system operators.",
	"lvl1_TAX_ENV": "Environmental taxes  Taxes, fees, levies or charges relating to air quality and for other environmental purposes; taxes on emissions of CO2 or other greenhouse gases.",
	"lvl1_TAX_NUC": "Nuclear taxes  Taxes, fees, levies or charges relating to the nuclear sector, including nuclear decommissioning, inspections and fees for nuclear installations.",

  "COOKIETEXT": "This site uses cookies to offer you a better browsing experience. Find out more on <a href=\"http://ec.europa.eu/cookies/index_en.htm\"  target=\"_blank\">how we use cookies.<\/a>",
  "COOKIECOMPLETEclose": "Close",
  "COOKIECOMPLETEacceptAll": "Accept all cookies",
  "COOKIECOMPLETEonlyTechnical": "Accept only essential cookies",
  "COOKIECOMPLETE": "Your cookie preferences have been saved. To change your preferences at any time, see our\u00a0<a href=\"//ec.europa.eu/info/cookies_en\" target=\"_blank\">cookies policy<\/a> or visit the link in the page footer.",




  
  
  "MAINMENU": "Menu",
  "COUNTRY": "Country",
  "FUEL": "Fuel",
  "CONSUMER": "Consumer",
  "REFERENCE": "Reference period",
  "CONSUME": "Consumption level",
  "UNIT": "Unit",
  "all": "Select all countries",
  "KWH_GE15000" : "band DE: Consumption for 15 000 kWh or over",
  "FEED": "Feedback",
  "TOOLS": "Tools",
  "DB": "Access to dataset",
  "%": "in percentages",
  "TOGGLEAGREGATES": "Toggle aggregates",

  "chart_1": "Energy efficiency",
  "chart_2": "Share of energy from renewable sources",
  "chart_3": "Greenhouse gas emissions intensity of energy consumption",
  "chart_4": "Energy intensity",
  "chart_5": "Energy productivity",
  "chart_6": "Energy imports dependency",
  "chart_7": "Share of fossil fuels in gross available energy",
  "chart_8": "Final energy consumption in households per capita",
  "chart_9": "Final energy consumption by product",
 "chart_10": "Final energy consumption by sector",
 "chart_11": "Disaggregated final energy consumption in households - quantities",
 "chart_12": "Final energy consumption in transport by type of fuel",
 "chart_13": "Final energy consumption in road transport by type of fuel",
 "chart_14": "Final energy consumption in services by type of fuel",
 "chart_15": "Final energy consumption in industry by type of fuel",
 "chart_16": "Final non-energy consumption by type of fuel",
 "chart_17": "Gross and net production of electricity and derived heat by type of plant and operator",
 "chart_18": "Gross production of electricity and derived heat from combustible fuels by type of plant and operator",
 "chart_19": "Population unable to keep home adequately warm by poverty status",
 "chart_20": "Market share of the largest generator in the electricity market",
 "chart_21": "Gross available energy by product",
 "chart_22": "Total energy supply by product",

 "compare": "Compare countries",

 "header-title-label": "Energy dashboard",

 

 "BTNPERCENTAGECHART": "Click to change to percentage",
 "BTNAGREGATESCHART": "Show EU aggregates",

 "BTNCHANGECOUNTRY": "Click to change countries",
 "BTNEXPAND": "Expand chart",
 


 "BTNATABLE": "Display table",
"BTNINFICHART": "Show information",
"BTNDOWNLOADCHART": "Download chart as image",
"BTNBSHARECHART": "Share in social media",

"BTNBARCHART": "Display bar chart",
"BTNPIECHART": "Display pie chart",
"BTNLINECHART": "Display line chart",
"BTNTABLECHART": "Display table",
"BTNCLOSECHART": "Close",
"BTNPRINTCHART": "Download chart as image",
"BTNEXCELCHART": "Download chart data",



 "ERROR1": "No metadata to display",
 "ERROR2": "No data to display",

 "IND": "Fuel",
 "CTR": "Countries",

 "VAL": "Value",
 "VALS": "Values",

 "AGGREGATES_COUNTRY_CODES":"Aggregates",
  "EU_COUNTRY_CODES":"European Union Members",
  "EFTA_COUNTRY_CODES":"EFTA Countries",
  "ENLARGEMENT_COUNTRY_CODES":"Enlargement Countries",
  "OTHER_THIRD_COUNTRY_CODES":"Other Third Countries",

  "SELECTLANGUAGE": "Select language",
"OFFICIAL": "Official EU languages:"


}
