﻿{
	"TUTO_1": "Introduction",
	"TUTO_2": "Bienvenue dans le tutoriel de l'outil de visualisation du tableau de bord énergétique d'Eurostat. Cette visite guidée vous montrera les principales façons d'interagir avec l'outil.",

	"TUTO_3": "Principaux Indicateurs",
	"TUTO_4": "Cette fenêtre principale affiche les statistiques et les indicateurs énergétiques pour le pays sélectionné.",

	"TUTO_5": "Comparer les Pays",
	"TUTO_6": "Cliquez sur un graphique pour basculer entre différents types de graphiques pour des visualisations de données variées.",

	"TUTO_7": "Sélection des Pays",
	"TUTO_8": "Utilisez cette option pour basculer entre différents pays.",

	"TUTO_9": "Changer de Langue",
	"TUTO_10": "Utilisez cette option pour changer la langue de l'outil. Il prend en charge l'anglais, le français et l'allemand.",

	"TUTO_11": "Conclusion",
	"TUTO_12": "Si vous trouvez cet outil de visualisation utile, envisagez de le partager avec d'autres sur X, Facebook et LinkedIn pour aider à le faire connaître. Votre soutien est grandement apprécié !"
}
